{"camera_matrix": [[679.827737041545, 0.0, 704.9035780735176], [0.0, 484.78236507118373, 429.2026179131984], [0.0, 0.0, 1.0]], "dist_coeff": [[-0.006351392427777275, -0.005499480196971438, 0.0017562943360333362, 0.0015491431192033308, 0.0]], "height": 792, "width": 1408}